[
    {
        "taskId": 1,
        "status": "pass"
    },
    {
        "taskId": 2,
        "status": "pass"
    },
    {
        "taskId": 3,
        "status": "submit"
    },
    {
        "taskId": 4,
        "status": "fail"
    },
    {
        "taskId": 5,
        "status": "fail"
    },
    {
        "taskId": 6,
        "status": "pass"
    },
    {
        "taskId": 7,
        "status": "pass"
    },
    {
        "taskId": 8,
        "status": "pass"
    },
    {
        "taskId": 9,
        "status": "pass"
    },
    {
        "taskId": 10,
        "status": "submit"
    },
    {
        "taskId": 11,
        "status": "submit"
    },
    {
        "taskId": 12,
        "status": "submit"
    },
    {
        "taskId": 13,
        "status": "submit"
    },
    {
        "taskId": 14,
        "status": "submit"
    },
    {
        "taskId": 15,
        "status": "submit"
    },
    {
        "taskId": 16,
        "status": "fail"
    },
    {
        "taskId": 17,
        "status": "fail"
    },
    {
        "taskId": 18,
        "status": "fail"
    },
    {
        "taskId": 19,
        "status": "fail"
    },
    {
        "taskId": 20,
        "status": "fail"
    },
    {
        "taskId": 21,
        "status": "fail"
    },
    {
        "taskId": 22,
        "status": "submit"
    },
    {
        "taskId": 23,
        "status": "submit"
    },
    {
        "taskId": 24,
        "status": "submit"
    }
]